line,line_num,song,artist
Is it wickedness,1,BLOOD.,Kendrick Lamar
Is it weakness,2,BLOOD.,Kendrick Lamar
You decide,3,BLOOD.,Kendrick Lamar
Are we gonna live or die,4,BLOOD.,Kendrick Lamar
So I was takin a walk the other day and I seen a womana blind womanpacin up and down the sidewalk She seemed to be a bit frustrated as if she had dropped somethin and havin a hard time findin it So after watchin her struggle for a while I decide to go over and lend a helping hand you know Hello maam can I be of any assistance It seems to me that you have lost something I would like to help you find it She replied Oh yes you have lost something Youve lost your life,5,BLOOD.,Kendrick Lamar
Gunshot,6,BLOOD.,Kendrick Lamar
Is it wickedness,7,BLOOD.,Kendrick Lamar
Lamar stated his views on police brutality with that line in the song quote And we hate the popo wanna kill us in the street fo sho,8,BLOOD.,Kendrick Lamar
Oh please ugh I dont like it,9,BLOOD.,Kendrick Lamar
I got I got I got I got,1,DNA.,Kendrick Lamar
Loyalty got royalty inside my DNA,2,DNA.,Kendrick Lamar
Cocaine quarter piece got war and peace inside my DNA,3,DNA.,Kendrick Lamar
I got power poison pain and joy inside my DNA,4,DNA.,Kendrick Lamar
I got hustle though ambition flow inside my DNA,5,DNA.,Kendrick Lamar
I was born like this since one like this,6,DNA.,Kendrick Lamar
Immaculate conception,7,DNA.,Kendrick Lamar
I transform like this perform like this,8,DNA.,Kendrick Lamar
Was Yeshua new weapon,9,DNA.,Kendrick Lamar
I dont contemplate I meditate then off your fucking head,10,DNA.,Kendrick Lamar
This that putthekidstobed,11,DNA.,Kendrick Lamar
This that I got I got I got I got,12,DNA.,Kendrick Lamar
Realness I just kill shit cause its in my DNA,13,DNA.,Kendrick Lamar
I got millions I got riches buildin in my DNA,14,DNA.,Kendrick Lamar
I got dark I got evil that rot inside my DNA,15,DNA.,Kendrick Lamar
I got off I got troublesome heart inside my DNA,16,DNA.,Kendrick Lamar
I just win again then win again like Wimbledon I serve,17,DNA.,Kendrick Lamar
Yeah thats him again the sound that engine in is like a bird,18,DNA.,Kendrick Lamar
You see fireworks and Corvette tire,19,DNA.,Kendrick Lamar
skrrt,20,DNA.,Kendrick Lamar
the boulevard,21,DNA.,Kendrick Lamar
I know how you work I know just who you are,22,DNA.,Kendrick Lamar
See yous a yous a yous a,23,DNA.,Kendrick Lamar
Bitch your hormones prolly switch inside your DNA,24,DNA.,Kendrick Lamar
Problem is all that sucker shit inside your DNA,25,DNA.,Kendrick Lamar
Daddy prolly snitched heritage inside your DNA,26,DNA.,Kendrick Lamar
Backbone dont exist born onside a jellyfish I gauge,27,DNA.,Kendrick Lamar
See my pedigree most definitely dont tolerate the front,28,DNA.,Kendrick Lamar
Shit Ive been through prolly offend you,29,DNA.,Kendrick Lamar
This is Paulas oldest son,30,DNA.,Kendrick Lamar
I know murder conviction,31,DNA.,Kendrick Lamar
Burners boosters burglars ballers dead redemption,32,DNA.,Kendrick Lamar
Scholars fathers dead with kids,33,DNA.,Kendrick Lamar
And I wish I was fed forgiveness,34,DNA.,Kendrick Lamar
Yeah yeah yeah yeah soldiers DNA,35,DNA.,Kendrick Lamar
Born inside the beast,36,DNA.,Kendrick Lamar
My expertise checked out in second grade,37,DNA.,Kendrick Lamar
When I was 9 onsale motel we didnt have nowhere to stay,38,DNA.,Kendrick Lamar
At 29 Ive done so well hit cartwheel in my estate,39,DNA.,Kendrick Lamar
And Im gon shine like Im supposed to,40,DNA.,Kendrick Lamar
Antisocial extrovert,41,DNA.,Kendrick Lamar
And excellent mean the extra work,42,DNA.,Kendrick Lamar
And absentness what the fuck you heard,43,DNA.,Kendrick Lamar
And pessimists never struck my nerve,44,DNA.,Kendrick Lamar
And Nazareth gonna plead his case,45,DNA.,Kendrick Lamar
The reason my powers here on earth,46,DNA.,Kendrick Lamar
Salute the truth when the prophet say,47,DNA.,Kendrick Lamar
I got loyalty got royalty inside my DNA,48,DNA.,Kendrick Lamar
This is why I say that hip hop has done more damage to young African Americans than racism in recent years,49,DNA.,Kendrick Lamar
I got loyalty got royalty inside my DNA,50,DNA.,Kendrick Lamar
I live a better life Im rollin several dice fuck your life,51,DNA.,Kendrick Lamar
I got loyalty got royalty inside my DNA,52,DNA.,Kendrick Lamar
I live a better fuck your life,53,DNA.,Kendrick Lamar
5 4 3 2 1,54,DNA.,Kendrick Lamar
This is my heritage all Im inheritin,55,DNA.,Kendrick Lamar
Money and power the making of marriages,56,DNA.,Kendrick Lamar
Tell me somethin,57,DNA.,Kendrick Lamar
You mothafuckas cant tell me nothin,58,DNA.,Kendrick Lamar
Id rather die than to listen to you,59,DNA.,Kendrick Lamar
My DNA not for imitation,60,DNA.,Kendrick Lamar
Your DNA an abomination,61,DNA.,Kendrick Lamar
This how it is when youre in the Matrix,62,DNA.,Kendrick Lamar
Dodgin bullets reapin what you sow,63,DNA.,Kendrick Lamar
And stackin up the footage livin on the go,64,DNA.,Kendrick Lamar
And sleepin in a villa,65,DNA.,Kendrick Lamar
Sippin from a Grammy and walkin in the buildin,66,DNA.,Kendrick Lamar
Diamond in the ceilin marble on the floors,67,DNA.,Kendrick Lamar
Beach inside the window peekin out the window,68,DNA.,Kendrick Lamar
Baby in the pool godfather goals,69,DNA.,Kendrick Lamar
Only Lord knows Ive been goin hammer,70,DNA.,Kendrick Lamar
Dodgin paparazzi freakin through the cameras,71,DNA.,Kendrick Lamar
Eat at Four Daughters Brock wearin sandals,72,DNA.,Kendrick Lamar
Yoga on a Monday stretchin to Nirvana,73,DNA.,Kendrick Lamar
Watchin all the snakes curvin all the fakes,74,DNA.,Kendrick Lamar
Phone never on I dont conversate,75,DNA.,Kendrick Lamar
I dont compromise I just penetrate,76,DNA.,Kendrick Lamar
Sex money murderthese are the breaks,77,DNA.,Kendrick Lamar
These are the times level number 9,78,DNA.,Kendrick Lamar
Look up in the sky 10 is on the way,79,DNA.,Kendrick Lamar
Sentence on the way killings on the way,80,DNA.,Kendrick Lamar
Motherfucker I got winners on the way,81,DNA.,Kendrick Lamar
You aint shit without a body on your belt,82,DNA.,Kendrick Lamar
You aint shit without a ticket on your plate,83,DNA.,Kendrick Lamar
You aint sick enough to pull it on yourself,84,DNA.,Kendrick Lamar
You aint rich enough to hit the lot and skate,85,DNA.,Kendrick Lamar
Tell me when destruction gonna be my fate,86,DNA.,Kendrick Lamar
Gonna be your fate gonna be our faith,87,DNA.,Kendrick Lamar
Peace to the world let it rotate,88,DNA.,Kendrick Lamar
Sex money murderour DNA,89,DNA.,Kendrick Lamar
DNA,90,DNA.,Kendrick Lamar
Gimme some ganja gimme some ganja,91,DNA.,Kendrick Lamar
DNA,92,DNA.,Kendrick Lamar
Gimme some ganja,93,DNA.,Kendrick Lamar
Real nigga in my DNA,94,DNA.,Kendrick Lamar
Aint no ho inside my DNA,95,DNA.,Kendrick Lamar
Drippin gold inside my DNA,96,DNA.,Kendrick Lamar
Power shows inside my DNA,97,DNA.,Kendrick Lamar
DNA,98,DNA.,Kendrick Lamar
Gimme some ganja gimme some ganja,99,DNA.,Kendrick Lamar
Real nigga in my DNA,100,DNA.,Kendrick Lamar
Aint no ho inside my DNA,101,DNA.,Kendrick Lamar
New shit new Kung Fu Kenny,1,YAH.,Kendrick Lamar
I got so many theories and suspicions,2,YAH.,Kendrick Lamar
Im diagnosed with real nigga conditions,3,YAH.,Kendrick Lamar
Today is the day I follow my intuition,4,YAH.,Kendrick Lamar
Keep the family closeget money fuck bitches,5,YAH.,Kendrick Lamar
I double parked the Aston in the red,6,YAH.,Kendrick Lamar
My mama told me that Ima work myself to death,7,YAH.,Kendrick Lamar
My girl told me dont let these hoes get in my head,8,YAH.,Kendrick Lamar
My world been ecstatic I checked the signal that read,9,YAH.,Kendrick Lamar
Buzzin radars is buzzin,10,YAH.,Kendrick Lamar
Yah yah yah yah,11,YAH.,Kendrick Lamar
Yah yah yah yah yah yah,12,YAH.,Kendrick Lamar
Buzzin radars is buzzin,13,YAH.,Kendrick Lamar
Yah yah yah yah,14,YAH.,Kendrick Lamar
Yah yah yah yah yah yah,15,YAH.,Kendrick Lamar
Interviews wanna know my thoughts and opinions,16,YAH.,Kendrick Lamar
Fox News wanna use my name for percentage,17,YAH.,Kendrick Lamar
My latest muse is my niece she worth livin,18,YAH.,Kendrick Lamar
See me on the TV and scream Thats Uncle Kendrick,19,YAH.,Kendrick Lamar
Yeah thats the business,20,YAH.,Kendrick Lamar
Somebody tell Geraldo this nigga got some ambition,21,YAH.,Kendrick Lamar
Im not a politician Im not bout a religion,22,YAH.,Kendrick Lamar
Im a Israelite dont call me Black no mo,23,YAH.,Kendrick Lamar
That word is only a color it aint facts no mo,24,YAH.,Kendrick Lamar
My cousin called my cousin Carl Duckworth,25,YAH.,Kendrick Lamar
Said know my worth,26,YAH.,Kendrick Lamar
And Deuteronomy say that we all been cursed,27,YAH.,Kendrick Lamar
I know he walks the Earth,28,YAH.,Kendrick Lamar
But its money to get bitches to hit yah,29,YAH.,Kendrick Lamar
Zeroes to flip temptation is yah,30,YAH.,Kendrick Lamar
First on my list I cant resist yah,31,YAH.,Kendrick Lamar
Everyone together now know that we forever,32,YAH.,Kendrick Lamar
Buzzin radars is buzzin,33,YAH.,Kendrick Lamar
Yah yah yah yah,34,YAH.,Kendrick Lamar
Yah yah yah yah yah yah,35,YAH.,Kendrick Lamar
Buzzin radars is buzzin,36,YAH.,Kendrick Lamar
Yah yah yah yah,37,YAH.,Kendrick Lamar
Yah yah yah yah yah yah,38,YAH.,Kendrick Lamar
Intro,1,ELEMENT.,Kendrick Lamar
Kid Capri,2,ELEMENT.,Kendrick Lamar
amp Kendrick Lamar,3,ELEMENT.,Kendrick Lamar
New Kung Fu Kenny,4,ELEMENT.,Kendrick Lamar
Aint nobody prayin for me,5,ELEMENT.,Kendrick Lamar
Yall know what happens on Earth stays on Earth,6,ELEMENT.,Kendrick Lamar
Here we go,7,ELEMENT.,Kendrick Lamar
I dont give a fuck I dont give a fuck,8,ELEMENT.,Kendrick Lamar
I dont give a I dont give a I dont give a fuck,9,ELEMENT.,Kendrick Lamar
Im willin to die for this shit,10,ELEMENT.,Kendrick Lamar
I done cried for this shit might take a life for this shit,11,ELEMENT.,Kendrick Lamar
Put the Bible down and go eye for an eye for this shit,12,ELEMENT.,Kendrick Lamar
DOT my enemy wont catch a vibe for this shit ayy,13,ELEMENT.,Kendrick Lamar
I been stomped out in front of my mama,14,ELEMENT.,Kendrick Lamar
My daddy commissary made it to commas,15,ELEMENT.,Kendrick Lamar
Bitch all my grandmas dead,16,ELEMENT.,Kendrick Lamar
So aint nobody prayin for me Im on your head ayy,17,ELEMENT.,Kendrick Lamar
Thirty millions later know the feds watchin,18,ELEMENT.,Kendrick Lamar
Auntie on my Telegram like Be cautious,19,ELEMENT.,Kendrick Lamar
I be hangin out at Tams I be on Stockton,20,ELEMENT.,Kendrick Lamar
I dont do it for the Gram I do it for Compton,21,ELEMENT.,Kendrick Lamar
Im willin to die for this shit nigga,22,ELEMENT.,Kendrick Lamar
Ill take your fuckin life for this shit nigga,23,ELEMENT.,Kendrick Lamar
We aint goin back to broke family sellin dope,24,ELEMENT.,Kendrick Lamar
Thats why you maineyass rap niggas better know,25,ELEMENT.,Kendrick Lamar
If I gotta slap a pussyass nigga Ima make it look sexy,26,ELEMENT.,Kendrick Lamar
If I gotta go hard on a bitch Ima make it look sexy,27,ELEMENT.,Kendrick Lamar
I pull up hop out air out made it look sexy,28,ELEMENT.,Kendrick Lamar
They wont take me out my element,29,ELEMENT.,Kendrick Lamar
Nah take me out my element,30,ELEMENT.,Kendrick Lamar
Im allergic to a bitch nigga ayy,31,ELEMENT.,Kendrick Lamar
An imaginary rich nigga ayy,32,ELEMENT.,Kendrick Lamar
Seven figures ho thats slimmer than my bitch figure ayy,33,ELEMENT.,Kendrick Lamar
Goin digital and physical on all yall ayy,34,ELEMENT.,Kendrick Lamar
Bunch of criminals and money in my phone calls ayy,35,ELEMENT.,Kendrick Lamar
We okay we let the A1 fly,36,ELEMENT.,Kendrick Lamar
Relocate jump on the same G5,37,ELEMENT.,Kendrick Lamar
Checkin for me heavy cause I go yeah I go yeah,38,ELEMENT.,Kendrick Lamar
They never been readyyeah I know yeah know yeah,39,ELEMENT.,Kendrick Lamar
100K spread across the floor cross the floor yeah,40,ELEMENT.,Kendrick Lamar
None of yall fuckin with the flow yeah the flow yeah,41,ELEMENT.,Kendrick Lamar
Years in the makin and dont yall mistake it,42,ELEMENT.,Kendrick Lamar
I got em by a landslide we talkin about races,43,ELEMENT.,Kendrick Lamar
You know thisll never be a tie just look at their laces,44,ELEMENT.,Kendrick Lamar
You know careers take off just gotta be patient,45,ELEMENT.,Kendrick Lamar
Mr One through Five thats the only logic,46,ELEMENT.,Kendrick Lamar
Fake my death go to Cuba thats the only option,47,ELEMENT.,Kendrick Lamar
If I gotta slap a pussyass nigga Ima make it look sexy,48,ELEMENT.,Kendrick Lamar
If I gotta go hard on a bitch Ima make it look sexy,49,ELEMENT.,Kendrick Lamar
I pull up hop out air out made it look sexy,50,ELEMENT.,Kendrick Lamar
They wont take me out my element,51,ELEMENT.,Kendrick Lamar
Nah take me out my element,52,ELEMENT.,Kendrick Lamar
Damned if I do if I dont yuhhh,53,ELEMENT.,Kendrick Lamar
Goddamn us all if you wont yuhhh,54,ELEMENT.,Kendrick Lamar
Damn damn damn its a goddamn shame,55,ELEMENT.,Kendrick Lamar
You aint frontline get out the goddamn way,56,ELEMENT.,Kendrick Lamar
Niggas thought they wasnt gonna see me huh,57,ELEMENT.,Kendrick Lamar
Niggas thought that KDot real life,58,ELEMENT.,Kendrick Lamar
Was the same life they see on TV huh,59,ELEMENT.,Kendrick Lamar
Niggas wanna flex on me and be in LA for free huh,60,ELEMENT.,Kendrick Lamar
Next time they hit the 10 freeway we need receipt huh,61,ELEMENT.,Kendrick Lamar
Cause most of yall aint real,62,ELEMENT.,Kendrick Lamar
Most of yall gon squeal,63,ELEMENT.,Kendrick Lamar
Most of yall just envy but jealousy get you killed,64,ELEMENT.,Kendrick Lamar
Most of yall throw rocks and try to hide your hand,65,ELEMENT.,Kendrick Lamar
Just say his name and I promise that youll see Candyman,66,ELEMENT.,Kendrick Lamar
Because its all in your eyes most of yall tell lies,67,ELEMENT.,Kendrick Lamar
Most of yall dont fade most of yall been advised,68,ELEMENT.,Kendrick Lamar
Last LP I tried to lift the black artists,69,ELEMENT.,Kendrick Lamar
But its a difference between black artists and wack artists,70,ELEMENT.,Kendrick Lamar
Outro Kendrick Lamar amp,71,ELEMENT.,Kendrick Lamar
Kid Capri,72,ELEMENT.,Kendrick Lamar
If I gotta slap a pussyass nigga Ima make it look sexy,73,ELEMENT.,Kendrick Lamar
Its the one and only the worlds greatest the Kid Capri,74,ELEMENT.,Kendrick Lamar
If I gotta go hard on a bitch Ima make it look sexy,75,ELEMENT.,Kendrick Lamar
I pull up hop out air out made it look sexy,76,ELEMENT.,Kendrick Lamar
They wont take me out my element,77,ELEMENT.,Kendrick Lamar
Nah take me out my element,78,ELEMENT.,Kendrick Lamar
Aint nobody prayin for me,1,FEEL.,Kendrick Lamar
Aint nobody prayin for me,2,FEEL.,Kendrick Lamar
Aint nobody prayin for me,3,FEEL.,Kendrick Lamar
Aint nobody prayin for me,4,FEEL.,Kendrick Lamar
I feel like a chip on my shoulders,5,FEEL.,Kendrick Lamar
I feel like Im losin my focus,6,FEEL.,Kendrick Lamar
I feel like Im losin my patience,7,FEEL.,Kendrick Lamar
I feel like my thoughts in the basement,8,FEEL.,Kendrick Lamar
Feel like I feel like youre miseducated,9,FEEL.,Kendrick Lamar
Feel like I dont wanna be bothered,10,FEEL.,Kendrick Lamar
I feel like you may be the problem,11,FEEL.,Kendrick Lamar
I feel like it aint no tomorrow fuck the world,12,FEEL.,Kendrick Lamar
The world is endin Im done pretendin,13,FEEL.,Kendrick Lamar
And fuck you if you get offended,14,FEEL.,Kendrick Lamar
I feel like friends been overrated,15,FEEL.,Kendrick Lamar
I feel like the family been fakin,16,FEEL.,Kendrick Lamar
I feel like the feelings are changin,17,FEEL.,Kendrick Lamar
Feel like my thought of compromise is jaded,18,FEEL.,Kendrick Lamar
Feel like you wanna scrutinize how I made it,19,FEEL.,Kendrick Lamar
Feel like I aint feelin you all,20,FEEL.,Kendrick Lamar
Feel like removin myself no feelings involved,21,FEEL.,Kendrick Lamar
I feel for you Ive been in the field for you,22,FEEL.,Kendrick Lamar
Its real for you right Shit I feel like,23,FEEL.,Kendrick Lamar
Aint nobody prayin for me,24,FEEL.,Kendrick Lamar
Aint nobody prayin for me,25,FEEL.,Kendrick Lamar
Aint nobody prayin for me,26,FEEL.,Kendrick Lamar
Aint nobody prayin,27,FEEL.,Kendrick Lamar
I feel niggas been out of pocket,28,FEEL.,Kendrick Lamar
I feel niggas tappin they pockets,29,FEEL.,Kendrick Lamar
I feel like debatin on who the greatest can stop it,30,FEEL.,Kendrick Lamar
I am legend I feel like all of yall is peasants,31,FEEL.,Kendrick Lamar
I feel like all of yall is desperate,32,FEEL.,Kendrick Lamar
I feel like all it take is a second to feel like,33,FEEL.,Kendrick Lamar
Mike Jordan whenever holdin a real mic,34,FEEL.,Kendrick Lamar
I aint feelin your presence,35,FEEL.,Kendrick Lamar
Feel like Ima learn you a lesson,36,FEEL.,Kendrick Lamar
Feel like only me and the music though,37,FEEL.,Kendrick Lamar
I feel like your feelin aint mutual,38,FEEL.,Kendrick Lamar
I feel like the enemy you should know,39,FEEL.,Kendrick Lamar
Feel like the feelin of no hope,40,FEEL.,Kendrick Lamar
The feelin of bad dope,41,FEEL.,Kendrick Lamar
A quarter ounce manipulated from soap,42,FEEL.,Kendrick Lamar
The feelin the feelin of false freedom,43,FEEL.,Kendrick Lamar
Ill forcefeed em the poison that fill em up in the prison,44,FEEL.,Kendrick Lamar
I feel like its just me,45,FEEL.,Kendrick Lamar
Look I feel like I cant breathe,46,FEEL.,Kendrick Lamar
Look I feel like I cant sleep,47,FEEL.,Kendrick Lamar
Look I feel heartless often off this,48,FEEL.,Kendrick Lamar
Feelin of fallin of fallin apart with,49,FEEL.,Kendrick Lamar
Darkest hours lost it,50,FEEL.,Kendrick Lamar
Fillin the void of bein employed with ballin,51,FEEL.,Kendrick Lamar
Streets is talkin fill in the blanks with coffins,52,FEEL.,Kendrick Lamar
Fill up the banks with dollars,53,FEEL.,Kendrick Lamar
Fill up the graves with fathers,54,FEEL.,Kendrick Lamar
Fill up the babies with bullshit,55,FEEL.,Kendrick Lamar
Internet blogs and pulpit fill em with gossip,56,FEEL.,Kendrick Lamar
I feel like this gotta be the feelin what Pac was,57,FEEL.,Kendrick Lamar
The feelin of an apocalypse happenin,58,FEEL.,Kendrick Lamar
But nothin is awkward the feelin wont prosper,59,FEEL.,Kendrick Lamar
The feelin is toxic I feel like Im boxin demons,60,FEEL.,Kendrick Lamar
Monsters false prophets schemin,61,FEEL.,Kendrick Lamar
Sponsors industry promises,62,FEEL.,Kendrick Lamar
Niggas bitches honkies crackers Compton,63,FEEL.,Kendrick Lamar
Church religion token blacks in bondage,64,FEEL.,Kendrick Lamar
Lawsuit visits subpoena served in concert,65,FEEL.,Kendrick Lamar
Fuck your feelings I mean this for imposters,66,FEEL.,Kendrick Lamar
I can feel it the phoenix sure to watch us,67,FEEL.,Kendrick Lamar
I can feel it the dream is more than process,68,FEEL.,Kendrick Lamar
I can put a regime that forms a Loch Ness,69,FEEL.,Kendrick Lamar
I can feel it the scream that haunts our logic,70,FEEL.,Kendrick Lamar
I feel like say somethin I feel like take somethin,71,FEEL.,Kendrick Lamar
I feel like skatin off I feel like waitin for em,72,FEEL.,Kendrick Lamar
Maybe its too late for em,73,FEEL.,Kendrick Lamar
I feel like the whole world want me to pray for em,74,FEEL.,Kendrick Lamar
But who the fuck prayin for me,75,FEEL.,Kendrick Lamar
Aint nobody prayin for me,76,FEEL.,Kendrick Lamar
Who prayin for me,77,FEEL.,Kendrick Lamar
Aint nobody prayin,78,FEEL.,Kendrick Lamar
I said Im geeked and Im fired up fired fire,1,LOYALTY.,Kendrick Lamar
All I want tonight is just to get high up high high high,2,LOYALTY.,Kendrick Lamar
Girl you look so good its to die for die for,3,LOYALTY.,Kendrick Lamar
Ooh that pussy good its to die for on fire,4,LOYALTY.,Kendrick Lamar
Its a secret society,5,LOYALTY.,Kendrick Lamar
All we ask is trust,6,LOYALTY.,Kendrick Lamar
All we ask is trust,7,LOYALTY.,Kendrick Lamar
All we got is us,8,LOYALTY.,Kendrick Lamar
Loyalty loyalty loyalty,9,LOYALTY.,Kendrick Lamar
Loyalty loyalty loyalty,10,LOYALTY.,Kendrick Lamar
Kung Fu Kenny now,11,LOYALTY.,Kendrick Lamar
My resume is real enough for two millenniums,12,LOYALTY.,Kendrick Lamar
A better way to make a wave stop defendin them,13,LOYALTY.,Kendrick Lamar
I meditate and moderate all of my wins again,14,LOYALTY.,Kendrick Lamar
Im hangin on the fence again,15,LOYALTY.,Kendrick Lamar
Im always on your mind,16,LOYALTY.,Kendrick Lamar
I put my lyric and my lifeline on the line,17,LOYALTY.,Kendrick Lamar
And aint no limit when I might shine might grind,18,LOYALTY.,Kendrick Lamar
You rollin with it at the right time right now,19,LOYALTY.,Kendrick Lamar
Only for the dollar sign,20,LOYALTY.,Kendrick Lamar
Bad girl RiRi now,21,LOYALTY.,Kendrick Lamar
Swerve swerve swerve swerve deeper now,22,LOYALTY.,Kendrick Lamar
On your pulse like its EDM,23,LOYALTY.,Kendrick Lamar
Gas in the bitch like its premium,24,LOYALTY.,Kendrick Lamar
Haul ass on a bitch all in the fast lane,25,LOYALTY.,Kendrick Lamar
Been a bad bitch way before any cash came,26,LOYALTY.,Kendrick Lamar
Im established,27,LOYALTY.,Kendrick Lamar
Hundred carats on my name,28,LOYALTY.,Kendrick Lamar
Run the atlas Im a natural Im alright,29,LOYALTY.,Kendrick Lamar
Verse 3 Kendrick Lamar,30,LOYALTY.,Kendrick Lamar
amp Rihanna,31,LOYALTY.,Kendrick Lamar
Im a savage Im a asshole Im a king,32,LOYALTY.,Kendrick Lamar
Shimmy ya shimmy ya shimmy ya rock,33,LOYALTY.,Kendrick Lamar
yeah,34,LOYALTY.,Kendrick Lamar
You can tell your nigga he can meet me outside yeah,35,LOYALTY.,Kendrick Lamar
You can babysit him when I leave him outside,36,LOYALTY.,Kendrick Lamar
Aint no other love like the one I know,37,LOYALTY.,Kendrick Lamar
I done been down so long lost hope,38,LOYALTY.,Kendrick Lamar
I done came down so hard I slowed,39,LOYALTY.,Kendrick Lamar
Honestly forever,40,LOYALTY.,Kendrick Lamar
all a real nigga want,41,LOYALTY.,Kendrick Lamar
I said Im geeked and Im fired up fired fire,42,LOYALTY.,Kendrick Lamar
All I want tonight is just to get high up yeah,43,LOYALTY.,Kendrick Lamar
All I want is all I want is,44,LOYALTY.,Kendrick Lamar
Chorus 2 Kendrick Lamar,45,LOYALTY.,Kendrick Lamar
amp Rihanna,46,LOYALTY.,Kendrick Lamar
Loyalty loyalty loyalty,47,LOYALTY.,Kendrick Lamar
Loyalty loyalty loyalty,48,LOYALTY.,Kendrick Lamar
104,49,LOYALTY.,Kendrick Lamar
no switchin sides,50,LOYALTY.,Kendrick Lamar
Feel somethin wrong,51,LOYALTY.,Kendrick Lamar
You actin shifty you dont ride,52,LOYALTY.,Kendrick Lamar
With me no more I need,53,LOYALTY.,Kendrick Lamar
Loyalty loyalty loyalty,54,LOYALTY.,Kendrick Lamar
Loyalty loyalty loyalty,55,LOYALTY.,Kendrick Lamar
Tell me who you loyal to,56,LOYALTY.,Kendrick Lamar
Is it money Is it fame Is it weed Is it drink,57,LOYALTY.,Kendrick Lamar
Is it comin down with the loud pipes and the rain,58,LOYALTY.,Kendrick Lamar
Big chillin only for the power in your name,59,LOYALTY.,Kendrick Lamar
Tell me who you loyal to,60,LOYALTY.,Kendrick Lamar
Is it love for the streets when the lights get dark,61,LOYALTY.,Kendrick Lamar
Is it unconditional when the Rari dont start,62,LOYALTY.,Kendrick Lamar
Tell me when your loyalty is comin from the heart,63,LOYALTY.,Kendrick Lamar
Verse 5 Rihanna amp,64,LOYALTY.,Kendrick Lamar
Kendrick Lamar,65,LOYALTY.,Kendrick Lamar
Tell me who you loyal to,66,LOYALTY.,Kendrick Lamar
Do it start with your woman or your man Mmm,67,LOYALTY.,Kendrick Lamar
Do it end with your family and friends Mmm,68,LOYALTY.,Kendrick Lamar
Or youre loyal to yourself in advance,69,LOYALTY.,Kendrick Lamar
I said tell me who you loyal to,70,LOYALTY.,Kendrick Lamar
Is it anybody that you would lie for,71,LOYALTY.,Kendrick Lamar
Anybody you would slide for,72,LOYALTY.,Kendrick Lamar
Anybody you would die for,73,LOYALTY.,Kendrick Lamar
Thats what God for,74,LOYALTY.,Kendrick Lamar
I said Im geeked and Im fired up fired fire,75,LOYALTY.,Kendrick Lamar
All I want tonight is just to get high up,76,LOYALTY.,Kendrick Lamar
All I want is all I want is,77,LOYALTY.,Kendrick Lamar
Chorus 2 Kendrick Lamar,78,LOYALTY.,Kendrick Lamar
amp Rihanna,79,LOYALTY.,Kendrick Lamar
Loyalty loyalty loyalty,80,LOYALTY.,Kendrick Lamar
Loyalty loyalty loyalty,81,LOYALTY.,Kendrick Lamar
104,82,LOYALTY.,Kendrick Lamar
no switchin sides,83,LOYALTY.,Kendrick Lamar
Feel somethin wrong,84,LOYALTY.,Kendrick Lamar
You actin shifty you dont ride,85,LOYALTY.,Kendrick Lamar
With me no more,86,LOYALTY.,Kendrick Lamar
I need,87,LOYALTY.,Kendrick Lamar
Loyalty loyalty loyalty,88,LOYALTY.,Kendrick Lamar
Loyalty loyalty loyalty,89,LOYALTY.,Kendrick Lamar
Its so hard to be humble,90,LOYALTY.,Kendrick Lamar
Its so hard to be,91,LOYALTY.,Kendrick Lamar
Lord knows Im tryin,92,LOYALTY.,Kendrick Lamar
Lord knows Im dyin baby,93,LOYALTY.,Kendrick Lamar
Loves gonna get you killed,1,PRIDE.,Kendrick Lamar
But prides gonna be the death of you and you and me,2,PRIDE.,Kendrick Lamar
And you and you and you and me,3,PRIDE.,Kendrick Lamar
And you and you and you and me,4,PRIDE.,Kendrick Lamar
And you and you and you and me and,5,PRIDE.,Kendrick Lamar
Chorus Steve Lacy amp,6,PRIDE.,Kendrick Lamar
Kendrick Lamar,7,PRIDE.,Kendrick Lamar
Me I wasnt taught to share but care,8,PRIDE.,Kendrick Lamar
In another life I surely was there,9,PRIDE.,Kendrick Lamar
Me I wasnt taught to share but care,10,PRIDE.,Kendrick Lamar
I care,11,PRIDE.,Kendrick Lamar
I care,12,PRIDE.,Kendrick Lamar
Hellraising wheelchasing new worldy possessions,13,PRIDE.,Kendrick Lamar
Fleshmaking spiritbreaking which one would you lessen,14,PRIDE.,Kendrick Lamar
The better part the human heart,15,PRIDE.,Kendrick Lamar
You love em or dissect em,16,PRIDE.,Kendrick Lamar
Happiness or flashiness How do you serve the question,17,PRIDE.,Kendrick Lamar
See in the perfect world I would be perfect world,18,PRIDE.,Kendrick Lamar
I dont trust people enough beyond they surface world,19,PRIDE.,Kendrick Lamar
I dont love people enough to put my faith in men,20,PRIDE.,Kendrick Lamar
I put my faith in these lyrics hoping I make amend,21,PRIDE.,Kendrick Lamar
I understand I aint perfect,22,PRIDE.,Kendrick Lamar
I probably wont come around,23,PRIDE.,Kendrick Lamar
This time I might put you down,24,PRIDE.,Kendrick Lamar
Last time I aint give a fuck I still feel the same now,25,PRIDE.,Kendrick Lamar
My feelings might go numb youre dealing with cold thumb,26,PRIDE.,Kendrick Lamar
Im willing to give up a leg and arm and show empathy from,27,PRIDE.,Kendrick Lamar
Pity parties and functions and you and yours,28,PRIDE.,Kendrick Lamar
A perfect world you probably live another 24,29,PRIDE.,Kendrick Lamar
I cant fake humble just cause your ass is insecure,30,PRIDE.,Kendrick Lamar
I cant fake humble just cause your ass is insecure,31,PRIDE.,Kendrick Lamar
Chorus Steve Lacy amp,32,PRIDE.,Kendrick Lamar
Kendrick Lamar,33,PRIDE.,Kendrick Lamar
Me I wasnt taught to share but care,34,PRIDE.,Kendrick Lamar
In another life I surely was there,35,PRIDE.,Kendrick Lamar
Me I wasnt taught to share but care,36,PRIDE.,Kendrick Lamar
I care,37,PRIDE.,Kendrick Lamar
I care,38,PRIDE.,Kendrick Lamar
Maybe I wasnt there,39,PRIDE.,Kendrick Lamar
Maybe I wasnt there,40,PRIDE.,Kendrick Lamar
Maybe I wasnt there,41,PRIDE.,Kendrick Lamar
Maybe I wasnt there,42,PRIDE.,Kendrick Lamar
Now in a perfect world I probably wont be insensitive,43,PRIDE.,Kendrick Lamar
Cold as December but never remember what Winter did,44,PRIDE.,Kendrick Lamar
I wouldnt blame you for mistakes I made or the bed I laid,45,PRIDE.,Kendrick Lamar
Seems like I point the finger just to make a point nowadays,46,PRIDE.,Kendrick Lamar
Smiles and cold stares the temperature goes there,47,PRIDE.,Kendrick Lamar
Indigenous disposition feel like we belong here,48,PRIDE.,Kendrick Lamar
I know the walls they can listen I wish they could talk back,49,PRIDE.,Kendrick Lamar
The hurt becomes repetition the love almost lost that,50,PRIDE.,Kendrick Lamar
Sick venom in men and women overcome with pride,51,PRIDE.,Kendrick Lamar
A perfect world is never perfect only filled with lies,52,PRIDE.,Kendrick Lamar
Promises are broken and more resentment come alive,53,PRIDE.,Kendrick Lamar
Race barriers make inferior of you and I,54,PRIDE.,Kendrick Lamar
See in a perfect world Ill choose faith over riches,55,PRIDE.,Kendrick Lamar
Ill choose work over bitches Ill make schools out of prison,56,PRIDE.,Kendrick Lamar
Ill take all the religions and put em all in one service,57,PRIDE.,Kendrick Lamar
Just to tell em we aint shit but Hes been perfect world,58,PRIDE.,Kendrick Lamar
Chorus Steve Lacy amp,59,PRIDE.,Kendrick Lamar
Kendrick Lamar,60,PRIDE.,Kendrick Lamar
Me I wasnt taught to share but care,61,PRIDE.,Kendrick Lamar
In another life I surely was there,62,PRIDE.,Kendrick Lamar
Me I wasnt taught to share but care,63,PRIDE.,Kendrick Lamar
I care,64,PRIDE.,Kendrick Lamar
I care,65,PRIDE.,Kendrick Lamar
Maybe I wasnt there,66,PRIDE.,Kendrick Lamar
Maybe I wasnt there,67,PRIDE.,Kendrick Lamar
Maybe I wasnt there,68,PRIDE.,Kendrick Lamar
Maybe I wasnt there,69,PRIDE.,Kendrick Lamar
Wicked or weakness,1,HUMBLE.,Kendrick Lamar
You gotta see this,2,HUMBLE.,Kendrick Lamar
Waaaaay yeah yeah,3,HUMBLE.,Kendrick Lamar
Nobody pray for me,4,HUMBLE.,Kendrick Lamar
Its been that day for me,5,HUMBLE.,Kendrick Lamar
Waaaaay yeah yeah,6,HUMBLE.,Kendrick Lamar
Ayy I remember syrup sandwiches and crime allowances,7,HUMBLE.,Kendrick Lamar
Finesse a nigga with some counterfeits but now Im countin this,8,HUMBLE.,Kendrick Lamar
Parmesan where my accountant lives in fact Im downin this,9,HUMBLE.,Kendrick Lamar
DUSSÉ with my boo bae tastes like KoolAid for the analysts,10,HUMBLE.,Kendrick Lamar
Girl I can buy yo ass the world with my paystub,11,HUMBLE.,Kendrick Lamar
Ooh that pussy good wont you sit it on my taste bloods,12,HUMBLE.,Kendrick Lamar
I get way too petty once you let me do the extras,13,HUMBLE.,Kendrick Lamar
Pull up on your block then break it down we playin Tetris,14,HUMBLE.,Kendrick Lamar
AM to the PM PM to the AM funk,15,HUMBLE.,Kendrick Lamar
Piss out your per diem you just gotta hate em funk,16,HUMBLE.,Kendrick Lamar
If I quit your BM I still ride Mercedes funk,17,HUMBLE.,Kendrick Lamar
If I quit this season I still be the greatest funk,18,HUMBLE.,Kendrick Lamar
My left stroke just went viral,19,HUMBLE.,Kendrick Lamar
Right stroke put lil baby in a spiral,20,HUMBLE.,Kendrick Lamar
Soprano C we like to keep it on a high note,21,HUMBLE.,Kendrick Lamar
Its levels to it you and I know,22,HUMBLE.,Kendrick Lamar
Bitch be humble hol up bitch,23,HUMBLE.,Kendrick Lamar
Sit down hol up lil hol up lil bitch,24,HUMBLE.,Kendrick Lamar
Be humble hol up bitch,25,HUMBLE.,Kendrick Lamar
Sit down hol up sit down lil sit down lil bitch,26,HUMBLE.,Kendrick Lamar
Be humble hol up hol up,27,HUMBLE.,Kendrick Lamar
Bitch sit down hol up hol up lil bitch,28,HUMBLE.,Kendrick Lamar
Be humble lil bitch hol up bitch,29,HUMBLE.,Kendrick Lamar
Sit down hol up hol up hol up hol up,30,HUMBLE.,Kendrick Lamar
Be humble hol up hol up,31,HUMBLE.,Kendrick Lamar
Sit down hol up hol up lil hol up lil bitch,32,HUMBLE.,Kendrick Lamar
Be humble hol up bitch,33,HUMBLE.,Kendrick Lamar
Sit down hol up sit down lil sit down lil bitch,34,HUMBLE.,Kendrick Lamar
Be humble hol up hol up,35,HUMBLE.,Kendrick Lamar
Bitch sit down hol up hol up lil bitch,36,HUMBLE.,Kendrick Lamar
Be humble lil bitch hol up bitch,37,HUMBLE.,Kendrick Lamar
Sit down hol up hol up hol up hol up,38,HUMBLE.,Kendrick Lamar
Who dat nigga thinkin that he frontin on ManMan ManMan,39,HUMBLE.,Kendrick Lamar
Get the fuck off my stage Im the Sandman Sandman,40,HUMBLE.,Kendrick Lamar
Get the fuck off my dick that aint right,41,HUMBLE.,Kendrick Lamar
I make a play fucking up your whole life,42,HUMBLE.,Kendrick Lamar
Im so fuckin sick and tired of the Photoshop,43,HUMBLE.,Kendrick Lamar
Show me somethin natural like afro on Richard Pryor,44,HUMBLE.,Kendrick Lamar
Show me somethin natural like ass with some stretch marks,45,HUMBLE.,Kendrick Lamar
Still will take you down right on your mamas couch in Polo socks,46,HUMBLE.,Kendrick Lamar
Ayy this shit way too crazy ayy you do not amaze me ayy,47,HUMBLE.,Kendrick Lamar
I blew cool from AC ayy Obama just paged me ayy,48,HUMBLE.,Kendrick Lamar
I dont fabricate it ayy most of yall be fakin ayy,49,HUMBLE.,Kendrick Lamar
I stay modest bout it ayy she elaborate it ayy,50,HUMBLE.,Kendrick Lamar
This that Grey Poupon that Evian that TED Talk ayy,51,HUMBLE.,Kendrick Lamar
Watch my soul speak you let the meds talk ayy,52,HUMBLE.,Kendrick Lamar
If I kill a nigga it wont be the alcohol ayy,53,HUMBLE.,Kendrick Lamar
Im the realest nigga after all,54,HUMBLE.,Kendrick Lamar
Bitch be humble hol up bitch,55,HUMBLE.,Kendrick Lamar
Sit down hol up lil hol up lil bitch,56,HUMBLE.,Kendrick Lamar
Be humble hol up bitch,57,HUMBLE.,Kendrick Lamar
Sit down hol up sit down lil sit down lil bitch,58,HUMBLE.,Kendrick Lamar
Be humble hol up hol up,59,HUMBLE.,Kendrick Lamar
Bitch sit down hol up hol up lil bitch,60,HUMBLE.,Kendrick Lamar
Be humble lil bitch hol up bitch,61,HUMBLE.,Kendrick Lamar
Sit down hol up hol up hol up hol up,62,HUMBLE.,Kendrick Lamar
Be humble hol up hol up,63,HUMBLE.,Kendrick Lamar
Sit down hol up hol up lil hol up lil bitch,64,HUMBLE.,Kendrick Lamar
Be humble hol up bitch,65,HUMBLE.,Kendrick Lamar
Sit down hol up sit down lil sit down lil bitch,66,HUMBLE.,Kendrick Lamar
Be humble hol up hol up,67,HUMBLE.,Kendrick Lamar
Bitch sit down hol up hol up lil bitch,68,HUMBLE.,Kendrick Lamar
Be humble lil bitch hol up bitch,69,HUMBLE.,Kendrick Lamar
Sit down hol up hol up hol up hol up,70,HUMBLE.,Kendrick Lamar
I need some water,1,LUST.,Kendrick Lamar
Somethin came over me,2,LUST.,Kendrick Lamar
Way too hot to simmer down,3,LUST.,Kendrick Lamar
Might as well overheat,4,LUST.,Kendrick Lamar
Too close to comfort,5,LUST.,Kendrick Lamar
As blood rush my favorite vein,6,LUST.,Kendrick Lamar
Heartbeat racin like a junkies,7,LUST.,Kendrick Lamar
I just need you to want me,8,LUST.,Kendrick Lamar
Am I askin too much,9,LUST.,Kendrick Lamar
Let me put the head in,10,LUST.,Kendrick Lamar
Ooh I dont want more than that,11,LUST.,Kendrick Lamar
Girl I respect the cat,12,LUST.,Kendrick Lamar
I promise just a touch,13,LUST.,Kendrick Lamar
Let me put the head in if its okay,14,LUST.,Kendrick Lamar
She said Its okay,15,LUST.,Kendrick Lamar
Interlude Kendrick Lamar amp,16,LUST.,Kendrick Lamar
RAT BOY,17,LUST.,Kendrick Lamar
Yeah I need everybodys motherfuckin hands up right now,18,LUST.,Kendrick Lamar
I need everybodys motherfuckin,19,LUST.,Kendrick Lamar
Door and his Nike Air Rattles,20,LUST.,Kendrick Lamar
Rush the fire exit no time for battles,21,LUST.,Kendrick Lamar
Well I I never expected,22,LUST.,Kendrick Lamar
This that new shit,23,LUST.,Kendrick Lamar
This that new new shit,24,LUST.,Kendrick Lamar
Verse 1 Kendrick Lamar amp,25,LUST.,Kendrick Lamar
RAT BOY,26,LUST.,Kendrick Lamar
Wake up in the mornin thinkin bout money kick your feet up,27,LUST.,Kendrick Lamar
Watch you a comedy take a shit then roll some weed up,28,LUST.,Kendrick Lamar
Go hit you a lick go fuck on a bitch,29,LUST.,Kendrick Lamar
Dont go to work today cop you a fit,30,LUST.,Kendrick Lamar
Or maybe some kicks and make you,31,LUST.,Kendrick Lamar
Door in his Nike Air Rattles,32,LUST.,Kendrick Lamar
Rush the fire exit no time for battles,33,LUST.,Kendrick Lamar
Well I I never expected,34,LUST.,Kendrick Lamar
Wake up in the mornin thinkin bout money kick your feet up,35,LUST.,Kendrick Lamar
Watch you a comedy hol up,36,LUST.,Kendrick Lamar
Wake up in the mornin thinkin bout money kick your feet up,37,LUST.,Kendrick Lamar
Watch you a comedy take a shit then roll some weed up,38,LUST.,Kendrick Lamar
Go hit you a lick go fuck on a bitch dont go to work today,39,LUST.,Kendrick Lamar
Cop you a fit or maybe some kicks and make it work today,40,LUST.,Kendrick Lamar
Hang with your homies stunt on your baby mama,41,LUST.,Kendrick Lamar
Sip some lean go get a pistol shoot out the window,42,LUST.,Kendrick Lamar
Bet your favorite team play you some Madden,43,LUST.,Kendrick Lamar
Go to the club or your mama house,44,LUST.,Kendrick Lamar
Whatever you doin just make it count,45,LUST.,Kendrick Lamar
I need some water,46,LUST.,Kendrick Lamar
Wake up in the mornin thinkin bout money kick your feet up,47,LUST.,Kendrick Lamar
Hop in the shower put on your makeup lace your weave up,48,LUST.,Kendrick Lamar
Touch on yourself call up your nigga tell him he aint shit,49,LUST.,Kendrick Lamar
Credit card scam get you a Visa make him pay your rent,50,LUST.,Kendrick Lamar
Hop on the Gram flex on the bitches that be hatin on you,51,LUST.,Kendrick Lamar
Pop you a pill call up your bitches have em waitin on you,52,LUST.,Kendrick Lamar
Go to the club have you some fun make that ass bounce,53,LUST.,Kendrick Lamar
Its whatever just make it count,54,LUST.,Kendrick Lamar
I need some water,55,LUST.,Kendrick Lamar
Somethin came over me,56,LUST.,Kendrick Lamar
Way too hot to simmer down,57,LUST.,Kendrick Lamar
Might as well overheat,58,LUST.,Kendrick Lamar
Too close to comfort,59,LUST.,Kendrick Lamar
As blood rush my favorite vein,60,LUST.,Kendrick Lamar
Heartbeat racin like a junkies,61,LUST.,Kendrick Lamar
I just need you to want me,62,LUST.,Kendrick Lamar
Am I askin too much,63,LUST.,Kendrick Lamar
Let me put the head in,64,LUST.,Kendrick Lamar
Ooh I dont want more than that,65,LUST.,Kendrick Lamar
Girl I respect the cat,66,LUST.,Kendrick Lamar
I promise just a touch,67,LUST.,Kendrick Lamar
Let me put the head in if its okay,68,LUST.,Kendrick Lamar
She said Its okay,69,LUST.,Kendrick Lamar
I wake in the mornin my head spinnin from the last night,70,LUST.,Kendrick Lamar
Both in the trance feelings are dead  what a fast life,71,LUST.,Kendrick Lamar
Manager called the lobby called its 1130,72,LUST.,Kendrick Lamar
Did this before promised myself Id be a hour early,73,LUST.,Kendrick Lamar
Room full of clothes bag full of money call it loose change,74,LUST.,Kendrick Lamar
Fumbled my jewelry 100k I lost a new chain,75,LUST.,Kendrick Lamar
Hop on the bird hit the next city for another M,76,LUST.,Kendrick Lamar
Take me a nap and do it again,77,LUST.,Kendrick Lamar
We all woke up tryna tune to the daily news,78,LUST.,Kendrick Lamar
Lookin for confirmation hopin election wasnt true,79,LUST.,Kendrick Lamar
All of us worried all of us buried and our feelings deep,80,LUST.,Kendrick Lamar
None of us married to his proposal make us feel cheap,81,LUST.,Kendrick Lamar
Still and sad distraught and mad tell the neighbor bout it,82,LUST.,Kendrick Lamar
Bet they agree parade the streets with your voice proudly,83,LUST.,Kendrick Lamar
Time passin things change,84,LUST.,Kendrick Lamar
Revertin back to our daily programs stuck in our ways Lust,85,LUST.,Kendrick Lamar
Lately I feel like I been lustin over the fame,86,LUST.,Kendrick Lamar
Lately we lust on the same routine of shame,87,LUST.,Kendrick Lamar
Lately lately lately my lust been heightened lately,88,LUST.,Kendrick Lamar
Lately its all contradiction,89,LUST.,Kendrick Lamar
Lately Im not here,90,LUST.,Kendrick Lamar
Lately I lust over self,91,LUST.,Kendrick Lamar
Lust turn into fear,92,LUST.,Kendrick Lamar
Lately in James 44 says,93,LUST.,Kendrick Lamar
Friend of the world is enemy of the Lord,94,LUST.,Kendrick Lamar
Brace yourself lust is all yours,95,LUST.,Kendrick Lamar
I need some water,96,LUST.,Kendrick Lamar
Somethin came over me,97,LUST.,Kendrick Lamar
Way too high to simmer down,98,LUST.,Kendrick Lamar
Might as well overheat,99,LUST.,Kendrick Lamar
Too close to comfort,100,LUST.,Kendrick Lamar
As blood rush my favorite vein,101,LUST.,Kendrick Lamar
Heartbeat racin like a junkies,102,LUST.,Kendrick Lamar
I just need you to want me,103,LUST.,Kendrick Lamar
Am I askin too much,104,LUST.,Kendrick Lamar
Let me put the head in,105,LUST.,Kendrick Lamar
Ooh I dont want more than that,106,LUST.,Kendrick Lamar
Girl I respect the cat,107,LUST.,Kendrick Lamar
I promise just a touch,108,LUST.,Kendrick Lamar
Let me put the head in if its okay,109,LUST.,Kendrick Lamar
She said Its okay,110,LUST.,Kendrick Lamar
Damn love or lust,1,LOVE.,Kendrick Lamar
Damn all of us,2,LOVE.,Kendrick Lamar
We still lettin it spin yall,3,LOVE.,Kendrick Lamar
Here we go,4,LOVE.,Kendrick Lamar
Chorus Zacari amp,5,LOVE.,Kendrick Lamar
Kendrick Lamar,6,LOVE.,Kendrick Lamar
Give me a run for my money,7,LOVE.,Kendrick Lamar
There is nobody no one to outrun me,8,LOVE.,Kendrick Lamar
Another world premiere,9,LOVE.,Kendrick Lamar
So give me a run for my money,10,LOVE.,Kendrick Lamar
Sippin bubbly feelin lovely livin lovely,11,LOVE.,Kendrick Lamar
Just love me,12,LOVE.,Kendrick Lamar
I wanna be with you ayy I wanna be with,13,LOVE.,Kendrick Lamar
Just love me just love me just love me,14,LOVE.,Kendrick Lamar
I wanna be with you ayy I wanna be with,15,LOVE.,Kendrick Lamar
Love me,16,LOVE.,Kendrick Lamar
I wanna be with you,17,LOVE.,Kendrick Lamar
Love me just love me,18,LOVE.,Kendrick Lamar
Refrain Kendrick Lamar amp,19,LOVE.,Kendrick Lamar
Zacari,20,LOVE.,Kendrick Lamar
If I didnt ride blade on curb would you still,21,LOVE.,Kendrick Lamar
love me,22,LOVE.,Kendrick Lamar
If I minimized my net worth would you still,23,LOVE.,Kendrick Lamar
love me,24,LOVE.,Kendrick Lamar
Keep it a hundred Id rather you trust me than to,25,LOVE.,Kendrick Lamar
love me,26,LOVE.,Kendrick Lamar
Keep it a whole one hund dont got you I got nothin,27,LOVE.,Kendrick Lamar
Ayy I got somethin,28,LOVE.,Kendrick Lamar
Hol up we gon function no assumptions,29,LOVE.,Kendrick Lamar
Feelin like Tyson with it,30,LOVE.,Kendrick Lamar
Knock it out twice Im with it,31,LOVE.,Kendrick Lamar
Only for the night Im kiddin,32,LOVE.,Kendrick Lamar
Only for life youre a homie for life,33,LOVE.,Kendrick Lamar
Youre a homie for life lets get it,34,LOVE.,Kendrick Lamar
Hit that shoulder lean,35,LOVE.,Kendrick Lamar
I know what comin over mean,36,LOVE.,Kendrick Lamar
Backstroke oversea,37,LOVE.,Kendrick Lamar
I know what you need,38,LOVE.,Kendrick Lamar
Already on ten our money come in,39,LOVE.,Kendrick Lamar
All feeling go out this feeling dont drought,40,LOVE.,Kendrick Lamar
This party wont end,41,LOVE.,Kendrick Lamar
Refrain Kendrick Lamar amp,42,LOVE.,Kendrick Lamar
Zacari,43,LOVE.,Kendrick Lamar
If I didnt ride blade on curb would you still,44,LOVE.,Kendrick Lamar
love me,45,LOVE.,Kendrick Lamar
If I minimized my net worth would you still,46,LOVE.,Kendrick Lamar
love me,47,LOVE.,Kendrick Lamar
Keep it a hundred Id rather you trust me than to,48,LOVE.,Kendrick Lamar
love me,49,LOVE.,Kendrick Lamar
Keep it a whole one hund dont got you I got nothin,50,LOVE.,Kendrick Lamar
Chorus Zacari amp,51,LOVE.,Kendrick Lamar
Kendrick Lamar,52,LOVE.,Kendrick Lamar
Give me a run for my money,53,LOVE.,Kendrick Lamar
There is nobody no one to outrun me,54,LOVE.,Kendrick Lamar
So give me a run for my money,55,LOVE.,Kendrick Lamar
Sippin bubbly feelin lovely livin lovely,56,LOVE.,Kendrick Lamar
Just love me,57,LOVE.,Kendrick Lamar
I wanna be with you ayy I wanna be with,58,LOVE.,Kendrick Lamar
Just love me just love me just love me,59,LOVE.,Kendrick Lamar
I wanna be with you ayy I wanna be with,60,LOVE.,Kendrick Lamar
Love me,61,LOVE.,Kendrick Lamar
I wanna be with you,62,LOVE.,Kendrick Lamar
Love me just love me,63,LOVE.,Kendrick Lamar
Im on the way,64,LOVE.,Kendrick Lamar
We aint got no time to waste,65,LOVE.,Kendrick Lamar
Poppin your gum on the way,66,LOVE.,Kendrick Lamar
Am I in the way,67,LOVE.,Kendrick Lamar
I dont wan pressure you none,68,LOVE.,Kendrick Lamar
I want your blessing today,69,LOVE.,Kendrick Lamar
Oh by the way open the door by the way,70,LOVE.,Kendrick Lamar
Told you that Im on the way,71,LOVE.,Kendrick Lamar
Im on the way I know connection is vague,72,LOVE.,Kendrick Lamar
Pick up the phone for me babe,73,LOVE.,Kendrick Lamar
Damn it we jammin,74,LOVE.,Kendrick Lamar
Bad attitude from yo nanny,75,LOVE.,Kendrick Lamar
Curves and your hips from yo mammy,76,LOVE.,Kendrick Lamar
Remember Gardena I took the studio camera,77,LOVE.,Kendrick Lamar
I know Top will be mad at me,78,LOVE.,Kendrick Lamar
I had to do it I want your body your music,79,LOVE.,Kendrick Lamar
I bought the big one to prove it,80,LOVE.,Kendrick Lamar
Look what you made,81,LOVE.,Kendrick Lamar
Told you that Im on the way,82,LOVE.,Kendrick Lamar
Im like an exit away yep,83,LOVE.,Kendrick Lamar
Refrain Kendrick Lamar amp,84,LOVE.,Kendrick Lamar
Zacari,85,LOVE.,Kendrick Lamar
If I didnt ride blade on curb would you still,86,LOVE.,Kendrick Lamar
love me,87,LOVE.,Kendrick Lamar
If I minimized my net worth would you still,88,LOVE.,Kendrick Lamar
love me,89,LOVE.,Kendrick Lamar
Keep it a hundred Id rather you trust me than to,90,LOVE.,Kendrick Lamar
love me,91,LOVE.,Kendrick Lamar
Keep it a whole one hund dont got you I got nothin,92,LOVE.,Kendrick Lamar
Chorus Zacari amp,93,LOVE.,Kendrick Lamar
Kendrick Lamar,94,LOVE.,Kendrick Lamar
Give me a run for my money,95,LOVE.,Kendrick Lamar
There is nobody no one to outrun me,96,LOVE.,Kendrick Lamar
So give me a run for my money,97,LOVE.,Kendrick Lamar
Sippin bubbly feelin lovely livin lovely,98,LOVE.,Kendrick Lamar
Just love me,99,LOVE.,Kendrick Lamar
I wanna be with you ayy I wanna be with,100,LOVE.,Kendrick Lamar
Just love me just love me just love me,101,LOVE.,Kendrick Lamar
I wanna be with you ayy I wanna be with,102,LOVE.,Kendrick Lamar
Love me,103,LOVE.,Kendrick Lamar
I wanna be with you,104,LOVE.,Kendrick Lamar
Love me just love me,105,LOVE.,Kendrick Lamar
Intro Bēkon amp,1,XXX.,Kendrick Lamar
Kid Capri,2,XXX.,Kendrick Lamar
America God bless you if its good to you,3,XXX.,Kendrick Lamar
America please take my hand,4,XXX.,Kendrick Lamar
Can you help me underst,5,XXX.,Kendrick Lamar
New Kung Fu Kenny,6,XXX.,Kendrick Lamar
Throw a steak off the ark,7,XXX.,Kendrick Lamar
To a pool full of sharks hell take it,8,XXX.,Kendrick Lamar
Leave him in the wilderness,9,XXX.,Kendrick Lamar
With a sworn nemesis hell make it,10,XXX.,Kendrick Lamar
Take the gratitude from him,11,XXX.,Kendrick Lamar
I bet hell show you somethin whoa,12,XXX.,Kendrick Lamar
Ill chip a nigga little bit of nothin,13,XXX.,Kendrick Lamar
Ill chip a nigga little bit of nothin,14,XXX.,Kendrick Lamar
Ill chip a nigga little bit of nothin,15,XXX.,Kendrick Lamar
Ill chip a nigga then throw the blower in his lap,16,XXX.,Kendrick Lamar
Walk myself to the court like Bitch I did that,17,XXX.,Kendrick Lamar
Xrated,18,XXX.,Kendrick Lamar
Johnny dont wanna go to school no mo no mo,19,XXX.,Kendrick Lamar
Johnny said books aint cool no mo no mo,20,XXX.,Kendrick Lamar
Johnny wanna be a rapper like his big cousin,21,XXX.,Kendrick Lamar
Johnny caught a body yesterday out hustlin,22,XXX.,Kendrick Lamar
God bless America you know we all love him,23,XXX.,Kendrick Lamar
Yesterday I got a call like from my dog like 101,24,XXX.,Kendrick Lamar
Said they killed his only son because of insufficient funds,25,XXX.,Kendrick Lamar
He was sobbin he was mobbin way belligerent and drunk,26,XXX.,Kendrick Lamar
Talkin out his head philosophin on what the Lord had done,27,XXX.,Kendrick Lamar
He said KDot can you pray for me,28,XXX.,Kendrick Lamar
It been a fucked up day for me,29,XXX.,Kendrick Lamar
I know that you anointed show me how to overcome,30,XXX.,Kendrick Lamar
He was lookin for some closure,31,XXX.,Kendrick Lamar
Hopin I could bring him closer,32,XXX.,Kendrick Lamar
To the spiritual my spirit do know better but I told him,33,XXX.,Kendrick Lamar
I cant sugarcoat the answer for you this is how I feel,34,XXX.,Kendrick Lamar
If somebody kill my son that mean somebody gettin killed,35,XXX.,Kendrick Lamar
Tell me what you do for love loyalty and passion of,36,XXX.,Kendrick Lamar
All the memories collected moments you could never touch,37,XXX.,Kendrick Lamar
Ill wait in front a niggas spot and watch him hit his block,38,XXX.,Kendrick Lamar
Ill catch a nigga leavin service if thats all I got,39,XXX.,Kendrick Lamar
Ill chip a nigga then throw the blower in his lap,40,XXX.,Kendrick Lamar
Walk myself to the court like Bitch I did that,41,XXX.,Kendrick Lamar
Aint no Black Power when your baby killed by a coward,42,XXX.,Kendrick Lamar
I cant even keep the peace dont you fuck with one of ours,43,XXX.,Kendrick Lamar
It be murder in the street it be bodies in the hour,44,XXX.,Kendrick Lamar
Ghetto bird be on the street paramedics on the dial,45,XXX.,Kendrick Lamar
Let somebody touch my mama,46,XXX.,Kendrick Lamar
Touch my sister touch my woman,47,XXX.,Kendrick Lamar
Touch my daddy touch my niece,48,XXX.,Kendrick Lamar
Touch my nephew touch my brother,49,XXX.,Kendrick Lamar
You should chip a nigga then throw the blower in his lap,50,XXX.,Kendrick Lamar
Matter fact Im bout to speak at this convention,51,XXX.,Kendrick Lamar
Call you back,52,XXX.,Kendrick Lamar
Alright kids were gonna talk about gun control,53,XXX.,Kendrick Lamar
Pray for me Damn,54,XXX.,Kendrick Lamar
Its not a place,55,XXX.,Kendrick Lamar
This country is to me a sound of drum and bass,56,XXX.,Kendrick Lamar
You close your eyes to look around,57,XXX.,Kendrick Lamar
Hail Mary Jesus and Joseph,58,XXX.,Kendrick Lamar
The great American flag,59,XXX.,Kendrick Lamar
Is wrapped and dragged with explosives,60,XXX.,Kendrick Lamar
Compulsive disorder sons and daughters,61,XXX.,Kendrick Lamar
Barricaded blocks and borders,62,XXX.,Kendrick Lamar
Look what you taught us,63,XXX.,Kendrick Lamar
Its murder on my street your street back streets,64,XXX.,Kendrick Lamar
Wall Street corporate offices,65,XXX.,Kendrick Lamar
Banks employees and bosses with,66,XXX.,Kendrick Lamar
Homicidal thoughts,67,XXX.,Kendrick Lamar
Donald Trumps in office,68,XXX.,Kendrick Lamar
We lost Barack and promised to never doubt him again,69,XXX.,Kendrick Lamar
But is America honest or do we bask in sin,70,XXX.,Kendrick Lamar
Pass the gin I mix it with American blood,71,XXX.,Kendrick Lamar
Then bash him in you Crippin or you married to blood,72,XXX.,Kendrick Lamar
Ill ask againoopsaccident,73,XXX.,Kendrick Lamar
Its nasty when you set us up,74,XXX.,Kendrick Lamar
Then roll the dice then bet us up,75,XXX.,Kendrick Lamar
You overnight the big rifles then tell Fox to be scared of us,76,XXX.,Kendrick Lamar
Gang members or terrorists et cetera et cetera,77,XXX.,Kendrick Lamar
Americas reflections of me thats what a mirror does,78,XXX.,Kendrick Lamar
Its not a place,79,XXX.,Kendrick Lamar
This country is to me a sound of drum and bass,80,XXX.,Kendrick Lamar
You close your eyes to look ar,81,XXX.,Kendrick Lamar
Povertys paradise,1,FEAR.,Kendrick Lamar
I dont think I could find a way to make it on this earth,2,FEAR.,Kendrick Lamar
Ive been hungry all my life,3,FEAR.,Kendrick Lamar
Whats up family Yeah its yo cousin Carl man just givin you a call man I know you been havin a lot on yo mind lately and I know you feel like you know people aint been prayin for you But you have to understand this man that we are a cursed people Deuteronomy 2828 says The Lord shall smite thee with madness and blindness and astonishment of heart See family thats why you feel like you feel like you got a chip on your shoulder Until you finally get the memo you will always feel that way,4,FEAR.,Kendrick Lamar
Why God why God do I gotta suffer,5,FEAR.,Kendrick Lamar
Pain in my heart carry burdens full of struggle,6,FEAR.,Kendrick Lamar
Why God why God do I gotta bleed,7,FEAR.,Kendrick Lamar
Every stone thrown at you restin at my feet,8,FEAR.,Kendrick Lamar
Why God why God do I gotta suffer,9,FEAR.,Kendrick Lamar
Earth is no more wont you burn this muhfucka,10,FEAR.,Kendrick Lamar
I dont think I could find a way to make it on this earth,11,FEAR.,Kendrick Lamar
Reversed,12,FEAR.,Kendrick Lamar
I beat yo ass keep talkin back,13,FEAR.,Kendrick Lamar
I beat yo ass who bought you that,14,FEAR.,Kendrick Lamar
You stole it I beat yo ass if you say that game is broken,15,FEAR.,Kendrick Lamar
I beat yo ass if you jump on my couch,16,FEAR.,Kendrick Lamar
I beat yo ass if you walk in this house,17,FEAR.,Kendrick Lamar
With tears in your eyes runnin from Poo Poo and Prentice,18,FEAR.,Kendrick Lamar
Go back outside I beat yo ass lil nigga,19,FEAR.,Kendrick Lamar
That homework better be finished I beat yo ass,20,FEAR.,Kendrick Lamar
Your teachers better not be bitchin bout you in class,21,FEAR.,Kendrick Lamar
That pizza better not be wasted you eat it all,22,FEAR.,Kendrick Lamar
That TV better not be loud if you got it on,23,FEAR.,Kendrick Lamar
Them Jordans better not get dirty when I just bought em,24,FEAR.,Kendrick Lamar
Better not hear bout you humpin on Keishas daughter,25,FEAR.,Kendrick Lamar
Better not hear you got caught up,26,FEAR.,Kendrick Lamar
I beat yo ass you better not run to your father,27,FEAR.,Kendrick Lamar
I beat yo ass you know my patience runnin thin,28,FEAR.,Kendrick Lamar
I got buku payments to make,29,FEAR.,Kendrick Lamar
County buildings on my ass tryna take my food stamps away,30,FEAR.,Kendrick Lamar
I beat yo ass if you tell them social workers he live here,31,FEAR.,Kendrick Lamar
I beat yo ass if I beat yo ass twice and you still here,32,FEAR.,Kendrick Lamar
Seven years old think you run this house by yourself,33,FEAR.,Kendrick Lamar
Nigga you gon fear me if you dont fear no one else,34,FEAR.,Kendrick Lamar
If I could smoke fear away Id roll that mothafucka up,35,FEAR.,Kendrick Lamar
And then Id take two puffs,36,FEAR.,Kendrick Lamar
Im high now Im high now,37,FEAR.,Kendrick Lamar
Im high now Im high now,38,FEAR.,Kendrick Lamar
Lifes a bitch pull them panties to the side now,39,FEAR.,Kendrick Lamar
I,40,FEAR.,Kendrick Lamar
dont think I could find a,41,FEAR.,Kendrick Lamar
way,42,FEAR.,Kendrick Lamar
to make it on this earth,43,FEAR.,Kendrick Lamar
Ill prolly die anonymous,44,FEAR.,Kendrick Lamar
Ill prolly die with promises,45,FEAR.,Kendrick Lamar
Ill prolly die walkin back home from the candy house,46,FEAR.,Kendrick Lamar
Ill prolly die because these colors are standin out,47,FEAR.,Kendrick Lamar
Ill prolly die because I aint know Demarcus was snitchin,48,FEAR.,Kendrick Lamar
Ill prolly die at these house parties fuckin with bitches,49,FEAR.,Kendrick Lamar
Ill prolly die from witnesses leavin me falsed accused,50,FEAR.,Kendrick Lamar
Ill prolly die from thinkin that me and your hood was cool,51,FEAR.,Kendrick Lamar
Or maybe die from pressin the line actin too extra,52,FEAR.,Kendrick Lamar
Or maybe die because these smokers are more than desperate,53,FEAR.,Kendrick Lamar
Ill prolly die from one of these bats and blue badges,54,FEAR.,Kendrick Lamar
Body slammed on black and white paint my bones snappin,55,FEAR.,Kendrick Lamar
Or maybe die from panic or die from bein too lax,56,FEAR.,Kendrick Lamar
Or die from waitin on it die cause Im movin too fast,57,FEAR.,Kendrick Lamar
Ill prolly die tryna buy weed at the apartments,58,FEAR.,Kendrick Lamar
Ill prolly die tryna diffuse two homies arguin,59,FEAR.,Kendrick Lamar
Ill prolly die cause thats what you do when youre 17,60,FEAR.,Kendrick Lamar
All worries in a hurry I wish I controlled things,61,FEAR.,Kendrick Lamar
If I could smoke fear away Id roll that mothafucka up,62,FEAR.,Kendrick Lamar
And then Id take two puffs,63,FEAR.,Kendrick Lamar
Ive been hungry all my life,64,FEAR.,Kendrick Lamar
Im high now Im high now,65,FEAR.,Kendrick Lamar
Im high now Im high now,66,FEAR.,Kendrick Lamar
Lifes a bitch pull them panties to the side now,67,FEAR.,Kendrick Lamar
Now,68,FEAR.,Kendrick Lamar
When I was 27 I grew accustomed to more fear,69,FEAR.,Kendrick Lamar
Accumulated 10 times over throughout the years,70,FEAR.,Kendrick Lamar
My newfound life made all of me magnified,71,FEAR.,Kendrick Lamar
How many accolades do I need to block denial,72,FEAR.,Kendrick Lamar
The shock value of my success put bolts in me,73,FEAR.,Kendrick Lamar
All this money is God playin a joke on me,74,FEAR.,Kendrick Lamar
Is it for the moment and will he see me as Job,75,FEAR.,Kendrick Lamar
Take it from me and leave me worse than I was before,76,FEAR.,Kendrick Lamar
At 27 my biggest fear was losin it all,77,FEAR.,Kendrick Lamar
Scared to spend money had me sleepin from hall to hall,78,FEAR.,Kendrick Lamar
Scared to go back to Section 8 with my mama stressin,79,FEAR.,Kendrick Lamar
30 shows a month and I still wont buy me no Lexus,80,FEAR.,Kendrick Lamar
What is an advisor Somebody thats holdin my checks,81,FEAR.,Kendrick Lamar
Just to fuck me over and put my finances in debt,82,FEAR.,Kendrick Lamar
I read a case about Rihannas accountant and wondered,83,FEAR.,Kendrick Lamar
How did the Bad Girl feel when she looked at them numbers,84,FEAR.,Kendrick Lamar
The type of shitll make me flip out and just kill somethin,85,FEAR.,Kendrick Lamar
Drill somethin get ill and fill ratchets with a lil somethin,86,FEAR.,Kendrick Lamar
I practiced runnin from fear guess I had some good luck,87,FEAR.,Kendrick Lamar
At 27 years old my biggest fear was bein judged,88,FEAR.,Kendrick Lamar
How they look at me reflect on myself my family my city,89,FEAR.,Kendrick Lamar
What they say bout me reveal if my reputation would miss me,90,FEAR.,Kendrick Lamar
What they see from me would trickle down generations in time,91,FEAR.,Kendrick Lamar
What they hear from me would make em highlight my simplest lines,92,FEAR.,Kendrick Lamar
Im talkin fear fear of losin creativity,93,FEAR.,Kendrick Lamar
Im talkin fear fear of missin out on you and me,94,FEAR.,Kendrick Lamar
Im talkin fear fear of losin loyalty from pride,95,FEAR.,Kendrick Lamar
Cause my DNA wont let me involve in the light of God,96,FEAR.,Kendrick Lamar
Im talkin fear fear that my humbleness is gone,97,FEAR.,Kendrick Lamar
Im talkin fear fear that love aint livin here no more,98,FEAR.,Kendrick Lamar
Im talkin fear fear that its wickedness or weakness,99,FEAR.,Kendrick Lamar
Fear whatever it is both is distinctive,100,FEAR.,Kendrick Lamar
Fear what happens on Earth stays on Earth,101,FEAR.,Kendrick Lamar
And I cant take these feelings with me,102,FEAR.,Kendrick Lamar
So hopefully they disperse,103,FEAR.,Kendrick Lamar
Within fourteen tracks carried out over wax,104,FEAR.,Kendrick Lamar
Searchin for resolutions until somebody get back,105,FEAR.,Kendrick Lamar
Fear what happens on Earth stays on Earth,106,FEAR.,Kendrick Lamar
And I cant take these feelings with me,107,FEAR.,Kendrick Lamar
So hopefully they disperse,108,FEAR.,Kendrick Lamar
Within fourteen tracks carried out over wax,109,FEAR.,Kendrick Lamar
Wonderin if Im livin through fear or livin through rap,110,FEAR.,Kendrick Lamar
Damn,111,FEAR.,Kendrick Lamar
Goddamn you,112,FEAR.,Kendrick Lamar
Goddamn me,113,FEAR.,Kendrick Lamar
Goddamn us,114,FEAR.,Kendrick Lamar
Goddamn we,115,FEAR.,Kendrick Lamar
Goddamn us all,116,FEAR.,Kendrick Lamar
Verse two says You only have I known of all the families of the Earth therefore I will punish you for all your iniquities So until we come back to these commandments until you come back to these commandments were gonna feel this way were gonna be under this curse Because He said Hes gonna punish us the socalled Blacks Hispanics and Native American Indians are the true children of Israel We are the Israelites according to the Bible The children of Israel Hes gonna punish us for our iniquities for our disobedience because we chose to follow other gods that arent His son so the Lord thy God chasten thee So just like you chasten your own son Hes gonna chastise you because He loves you So thats why we get chastised thats why were in the position were in Until we come back to these laws statutes and commandments and do what the Lord said these curses are gonna be upon us Were gonna be at a lower state in this life that we live here in today in the United States of America,117,FEAR.,Kendrick Lamar
I love you son and I pray for you God bless you,118,FEAR.,Kendrick Lamar
shalom,119,FEAR.,Kendrick Lamar
This what God feel like huh yeah,1,GOD.,Kendrick Lamar
Laughin to the bank like Aha huh yeah,2,GOD.,Kendrick Lamar
Flex on swole like Aha huh yeah,3,GOD.,Kendrick Lamar
You feel some type of way then aha,4,GOD.,Kendrick Lamar
Huh yeah ahaha ahaha,5,GOD.,Kendrick Lamar
Ever since a young man,6,GOD.,Kendrick Lamar
All I wanna be was a gunman,7,GOD.,Kendrick Lamar
Shootin up the charts better run man,8,GOD.,Kendrick Lamar
Yall gotta see that I won man,9,GOD.,Kendrick Lamar
Slick as El DeBarge with the finger waves work it JT,10,GOD.,Kendrick Lamar
Handle bars like a fade watch me work it JT,11,GOD.,Kendrick Lamar
Im at large runnin plays like a circuit JT,12,GOD.,Kendrick Lamar
Im sellin verses JT watch me work it JT,13,GOD.,Kendrick Lamar
Look look hol up,14,GOD.,Kendrick Lamar
Dont judge me my mama caught me with a strap,15,GOD.,Kendrick Lamar
Dont judge me I was young fuckin all the rats,16,GOD.,Kendrick Lamar
Dont judge me aimin at your head for a stack,17,GOD.,Kendrick Lamar
Dont judge Dont judge me,18,GOD.,Kendrick Lamar
Now my home got a Valley peak,19,GOD.,Kendrick Lamar
Dont judge me if I press your line you a freak,20,GOD.,Kendrick Lamar
Dont judge me wont you tell a friend yall gon see,21,GOD.,Kendrick Lamar
This what God feel like huh yeah,22,GOD.,Kendrick Lamar
Laughin to the bank like Aha huh yeah,23,GOD.,Kendrick Lamar
Flex on swole like Aha huh yeah,24,GOD.,Kendrick Lamar
You feel some type of way then aha,25,GOD.,Kendrick Lamar
Huh yeah ahaha ahaha,26,GOD.,Kendrick Lamar
Fuck is you talkin to,27,GOD.,Kendrick Lamar
Aye do you know who you talkin to,28,GOD.,Kendrick Lamar
Slide on you like fallen drapes,29,GOD.,Kendrick Lamar
God toss full of carnivals,30,GOD.,Kendrick Lamar
I kill em with kindness,31,GOD.,Kendrick Lamar
Or I kill em with diamonds,32,GOD.,Kendrick Lamar
Or I put up like fifteen hundred,33,GOD.,Kendrick Lamar
Get yo ass killed by the finest,34,GOD.,Kendrick Lamar
Everything in life is a gamble,35,GOD.,Kendrick Lamar
Nothin in life I cant handle,36,GOD.,Kendrick Lamar
Seen it all done it all felt pain more,37,GOD.,Kendrick Lamar
For the cause I done put blood on sword,38,GOD.,Kendrick Lamar
Everything I do is to embrace yall,39,GOD.,Kendrick Lamar
Everything I write is a damn eight ball,40,GOD.,Kendrick Lamar
Everything I touch is a damn gold mine,41,GOD.,Kendrick Lamar
Everything I say is from an angel,42,GOD.,Kendrick Lamar
I dont rush shit fuck shit,43,GOD.,Kendrick Lamar
Always your shit my shit,44,GOD.,Kendrick Lamar
Cannonballs to ignite shit,45,GOD.,Kendrick Lamar
Morning to the night shift,46,GOD.,Kendrick Lamar
Im on I aint sorry for it,47,GOD.,Kendrick Lamar
Ask for a piece of mine you charged me for it,48,GOD.,Kendrick Lamar
I wanna see sometimes if you ignore it,49,GOD.,Kendrick Lamar
Im in the streets sometimes and cant afford it,50,GOD.,Kendrick Lamar
I got a bad habit,51,GOD.,Kendrick Lamar
Levitatin duckin haters,52,GOD.,Kendrick Lamar
Oh my My heart is rich my heart is famous,53,GOD.,Kendrick Lamar
This what God feel like,54,GOD.,Kendrick Lamar
Huh yeah this what God feel like,55,GOD.,Kendrick Lamar
Laughin to the bank like Aha,56,GOD.,Kendrick Lamar
This what God feel like,57,GOD.,Kendrick Lamar
Huh yeah this what God feel like,58,GOD.,Kendrick Lamar
Flex on swole like Aha,59,GOD.,Kendrick Lamar
This what God feel like,60,GOD.,Kendrick Lamar
Huh yeah this what God feel like,61,GOD.,Kendrick Lamar
You feel some type of way then aha,62,GOD.,Kendrick Lamar
This what God feel like,63,GOD.,Kendrick Lamar
Huh yeah this what God feel like,64,GOD.,Kendrick Lamar
This what God feel like,65,GOD.,Kendrick Lamar
Intro Bēkon amp,1,DUCKWORTH.,Kendrick Lamar
Kid Capri,2,DUCKWORTH.,Kendrick Lamar
It was always me vs the world,3,DUCKWORTH.,Kendrick Lamar
Until I found its me vs me,4,DUCKWORTH.,Kendrick Lamar
Why why why why,5,DUCKWORTH.,Kendrick Lamar
Why why why why,6,DUCKWORTH.,Kendrick Lamar
Just remember what happens on Earth stays on Earth,7,DUCKWORTH.,Kendrick Lamar
We gon put it in reverse,8,DUCKWORTH.,Kendrick Lamar
Darling I told you many times,9,DUCKWORTH.,Kendrick Lamar
And I am telling you once again,10,DUCKWORTH.,Kendrick Lamar
Just to remind you sweetheart,11,DUCKWORTH.,Kendrick Lamar
That my,12,DUCKWORTH.,Kendrick Lamar
Oh Lamar Hail Mary and marijuana times is hard,13,DUCKWORTH.,Kendrick Lamar
Pray with the hooligans shadows all in the dark,14,DUCKWORTH.,Kendrick Lamar
Fellowship with demons and relatives Im a star,15,DUCKWORTH.,Kendrick Lamar
Life is one funny mothafucka,16,DUCKWORTH.,Kendrick Lamar
A true comedian you gotta love him you gotta trust him,17,DUCKWORTH.,Kendrick Lamar
I might be buggin infomercials and no sleep,18,DUCKWORTH.,Kendrick Lamar
Introverted by my thoughts children listen it gets deep,19,DUCKWORTH.,Kendrick Lamar
See once upon a time inside the Nickerson Garden projects,20,DUCKWORTH.,Kendrick Lamar
The object was to process and digest povertys dialect,21,DUCKWORTH.,Kendrick Lamar
Adaptation inevitable gun violence crack spot,22,DUCKWORTH.,Kendrick Lamar
Federal policies raid buildings and drug professionals,23,DUCKWORTH.,Kendrick Lamar
Anthony was the oldest of seven,24,DUCKWORTH.,Kendrick Lamar
Wellrespected calm and collected,25,DUCKWORTH.,Kendrick Lamar
Laughin and jokin made life easier hard times Momma on crack,26,DUCKWORTH.,Kendrick Lamar
A fouryearold tellin his nanny he needed her,27,DUCKWORTH.,Kendrick Lamar
His family history pimpin and bangin,28,DUCKWORTH.,Kendrick Lamar
He was meant to be dangerous,29,DUCKWORTH.,Kendrick Lamar
Clocked him a grip and start slangin,30,DUCKWORTH.,Kendrick Lamar
Fifteen scrapin up his jeans with quarter pieces,31,DUCKWORTH.,Kendrick Lamar
Even got some head from a smoker last weekend,32,DUCKWORTH.,Kendrick Lamar
Dodged a policeman workin for his big homie,33,DUCKWORTH.,Kendrick Lamar
Smalltime hustler graduated to a brick on him,34,DUCKWORTH.,Kendrick Lamar
10000 dollars out of a project housing thats on the daily,35,DUCKWORTH.,Kendrick Lamar
Seen his first mil twenty years old had a couple of babies,36,DUCKWORTH.,Kendrick Lamar
Had a couple of shooters,37,DUCKWORTH.,Kendrick Lamar
Caught a murder case fingerprints on the gun they assumin,38,DUCKWORTH.,Kendrick Lamar
But witnesses couldnt prove it,39,DUCKWORTH.,Kendrick Lamar
That was back when he turned his back and they killed his cousin,40,DUCKWORTH.,Kendrick Lamar
He beat the case and went back to hustlin,41,DUCKWORTH.,Kendrick Lamar
Birdshufflin Anthony rang,42,DUCKWORTH.,Kendrick Lamar
The first in the projects with the twotone Mustang,43,DUCKWORTH.,Kendrick Lamar
That 50 thing they say 50 came,44,DUCKWORTH.,Kendrick Lamar
Circlin parking lots and parking spots,45,DUCKWORTH.,Kendrick Lamar
And hoppin out while harrassin the corner blocks,46,DUCKWORTH.,Kendrick Lamar
Crooked cops told Anthony he should kick it he brushed them off,47,DUCKWORTH.,Kendrick Lamar
And walked back to the Kentucky Fried Chicken,48,DUCKWORTH.,Kendrick Lamar
See at this chicken spot,49,DUCKWORTH.,Kendrick Lamar
There was a lightskinned nigga that talked a lot,50,DUCKWORTH.,Kendrick Lamar
With a curly top and a gap in his teeth,51,DUCKWORTH.,Kendrick Lamar
He worked the window his name was Ducky,52,DUCKWORTH.,Kendrick Lamar
He came from the streets the Robert Taylor Homes,53,DUCKWORTH.,Kendrick Lamar
Southside Projects Chiraq the Terror Dome,54,DUCKWORTH.,Kendrick Lamar
Drove to California with a woman on him and 500 dollars,55,DUCKWORTH.,Kendrick Lamar
They had a son hopin that hed see college,56,DUCKWORTH.,Kendrick Lamar
Hustlin on the side with a ninetofive to freak it,57,DUCKWORTH.,Kendrick Lamar
Cadillac Seville hed ride his son around on weekends,58,DUCKWORTH.,Kendrick Lamar
Threepiece special with his name on the shirt pocket,59,DUCKWORTH.,Kendrick Lamar
Cross the street from the projects Anthony planned to rob it,60,DUCKWORTH.,Kendrick Lamar
Stuck up the place before back in 84,61,DUCKWORTH.,Kendrick Lamar
Thats when affiliation was really eight gears of war,62,DUCKWORTH.,Kendrick Lamar
So many relatives tellin us sellin us devilish works,63,DUCKWORTH.,Kendrick Lamar
Killin us crime intelligent felonious,64,DUCKWORTH.,Kendrick Lamar
Prevalent proposition with 9s,65,DUCKWORTH.,Kendrick Lamar
Ducky was wellaware,66,DUCKWORTH.,Kendrick Lamar
They robbed the manager and shot a customer last year,67,DUCKWORTH.,Kendrick Lamar
He figured hed get on these niggas good sides,68,DUCKWORTH.,Kendrick Lamar
Free chicken every time Anthony posted in line,69,DUCKWORTH.,Kendrick Lamar
Two extra biscuits Anthony liked him and then let him slide,70,DUCKWORTH.,Kendrick Lamar
They didnt kill him in fact it look like theyre the last to survive,71,DUCKWORTH.,Kendrick Lamar
Pay attention that one decision changed both of they lives,72,DUCKWORTH.,Kendrick Lamar
One curse at a time,73,DUCKWORTH.,Kendrick Lamar
Reverse the manifest and good karma and Ill tell you why,74,DUCKWORTH.,Kendrick Lamar
You take two strangers and put em in random predicaments,75,DUCKWORTH.,Kendrick Lamar
Give em a soul so they can make their own choices and live with it,76,DUCKWORTH.,Kendrick Lamar
Twenty years later them same strangers you make em meet again,77,DUCKWORTH.,Kendrick Lamar
Inside recording studios where they reapin their benefits,78,DUCKWORTH.,Kendrick Lamar
Then you start remindin them about that chicken incident,79,DUCKWORTH.,Kendrick Lamar
Whoever thought the greatest rapper would be from coincidence,80,DUCKWORTH.,Kendrick Lamar
Because if Anthony killed Ducky Top Dawg could be servin life,81,DUCKWORTH.,Kendrick Lamar
While I grew up without a father and die in a gunfight,82,DUCKWORTH.,Kendrick Lamar
Gunshot,83,DUCKWORTH.,Kendrick Lamar
Reversed Audio,84,DUCKWORTH.,Kendrick Lamar
So I was takin a walk the other day,85,DUCKWORTH.,Kendrick Lamar
